Video ID,Video Title,Channel Name,Category,Category ID,Upload Date,Upload Time,Likes,Views,Comments,Duration (Seconds)
QV-B0S_yuc4,Easy NO-BAKE treats (perfect for the holidays) üéÑ,Pick Up Limes,People & Blogs,22,2023-12-10,17:11:51,13509,222428,306,447
8CqwjlaKqns,Full day of easy home-cooked meals üéâ,Pick Up Limes,People & Blogs,22,2023-11-30,17:01:27,15043,337337,6514,947
1-VFShuFJXQ,Micro habits that improved my life ‚ú®,Pick Up Limes,People & Blogs,22,2023-11-12,16:07:12,23397,482404,549,561
xMdz4-AiYA4,The BEST cucumber salad ü•í #salad #snacks #vegan,Pick Up Limes,People & Blogs,22,2023-10-29,16:31:28,46313,828976,294,51
Cl_bNkVzdQg,Become better at talking to people üó£Ô∏è,Pick Up Limes,People & Blogs,22,2023-09-28,14:28:05,34325,583256,662,532
vvm9na0x2_Q,If I could make only 1 noodle dish for the rest of my life‚Ä¶ ü•¢,Pick Up Limes,People & Blogs,22,2023-09-10,14:36:06,29564,507426,564,490
ztltfnNNth0,Easy STUDENT recipes (MEAL PREP friendly!) üç±,Pick Up Limes,People & Blogs,22,2023-08-27,15:27:05,21324,462119,357,490
uBzsHhp8Fsg,"A WEEK IN MY LIFE | cooking, cleaning, and computer disaster ü´£",Pick Up Limes,People & Blogs,22,2023-08-06,13:57:34,10864,317087,500,1019
0wNJSPSHedk,SLEEP BETTER with these evening snacks üò¥,Pick Up Limes,People & Blogs,22,2023-07-18,14:35:11,27867,602361,495,459
N3f1PfRL2h0,Plant-based MEAL PLANNING | Nourish Method tutorial üåà,Pick Up Limes,People & Blogs,22,2023-07-01,16:00:42,12324,226223,1262,624
e5pJmSmT6ds,A full day of easy at-home meals üçú,Pick Up Limes,People & Blogs,22,2023-06-25,15:48:38,21444,532243,5752,1000
wA2djbEg81I,"DAYS IN THE LIFE | home alone, it's just you and me üòâ",Pick Up Limes,People & Blogs,22,2023-06-06,15:31:24,21452,489096,1109,794
45awieDmjVQ,15-minute meals when you don‚Äôt feel like cooking (8 ingredients or less!),Pick Up Limes,People & Blogs,22,2023-05-21,15:00:32,28628,527102,419,349
UTBlCRy3Mo0,How to find meaning (in an fast-changing world ü§ñ),Pick Up Limes,People & Blogs,22,2023-05-04,14:51:47,9522,174033,522,485
VUz3FIFYLG8,PANCAKES from around the world (eggless & dairy-free!) üåé,Pick Up Limes,People & Blogs,22,2023-04-15,14:25:42,12272,232294,587,586
DrYP9V4f8Ng,Use SPICES like a PRO (+ printable guide!) üå∂Ô∏è,Pick Up Limes,People & Blogs,22,2023-03-30,14:41:39,11228,191136,349,561
nJ05FbCiO1k,The biggest barrier to happiness + success ü´†,Pick Up Limes,People & Blogs,22,2023-03-07,17:07:15,20985,413196,597,532
d_qxjYCHI74,3 weeknight DINNER ideas (plant-based!)üí°,Pick Up Limes,People & Blogs,22,2023-02-23,16:21:17,19645,416976,341,518
ZBKUqc_ICpg,3 easy BREAKFASTS to keep on REPEAT! ‚ôªÔ∏è,Pick Up Limes,People & Blogs,22,2023-02-09,15:27:28,24000,521218,613,460
I8IK3ZeWOjU,Life is short (how to spend it wisely) ‚è±,Pick Up Limes,People & Blogs,22,2023-01-24,15:02:53,54037,1453064,1410,485
h-1icJainvo,The ROUTINE that makes me happy & effective ‚úîÔ∏è,Pick Up Limes,People & Blogs,22,2023-01-12,17:00:06,31546,675146,552,500
tQeZIvrong8,ONE-POT MEALS (simple + wholesome!) üë©üèª‚Äçüç≥,Pick Up Limes,People & Blogs,22,2022-12-27,16:31:05,27734,649771,379,481
WmFKNIo_FXA,Orange & thyme mocktail üçπ,Pick Up Limes,People & Blogs,22,2022-12-20,19:28:40,10042,232273,47,30
1Vx98u05R8s,Non-alcoholic mulled wine ‚ú®,Pick Up Limes,People & Blogs,22,2022-12-19,17:46:10,11082,185548,105,53
kyKo7h-NvpM,BRAIN FOOD üß†,Pick Up Limes,People & Blogs,22,2022-12-07,15:58:30,20626,425396,433,510
jX-mhRo7Hww,Designing a simple life (minimalist habits) üòå,Pick Up Limes,People & Blogs,22,2022-11-16,16:01:48,48155,1216389,701,435
_Z0RacfZ0r8,EASY homemade apple + pumpkin pie (egg + dairy-free) ü•ß,Pick Up Limes,People & Blogs,22,2022-10-27,15:56:09,15408,289740,530,821
OCyQHItH5H0,Takeout classics (but better + faster!) ü•°,Pick Up Limes,People & Blogs,22,2022-10-13,15:40:05,25514,567985,708,645
h_zc4u4zL2Q,What to EAT for HEALTHY SKIN (science-backed!) üë©üèª‚Äçüåæ,Pick Up Limes,People & Blogs,22,2022-10-02,16:04:59,50221,820574,561,483
77G2CE5sYhM,QUICK BREAKFASTS ¬ª if you're over oats & smoothies üòú,Pick Up Limes,People & Blogs,22,2022-09-15,14:47:50,33702,788072,588,484
tIeW99jJX2A,THE BEST HOMEMADE RAMEN! (ramen wars ü•ä),Pick Up Limes,People & Blogs,22,2022-09-04,16:24:41,19284,445344,862,643
yQmo3Z_xSlM,WE GOT MARRIED! (DIY wedding vlog) ü§ç,Pick Up Limes,People & Blogs,22,2022-08-20,16:39:53,65534,1029301,4845,847
rctONIZJxh8,Anti-inflammatory drinks (healthy + refreshing!) üçπ,Pick Up Limes,People & Blogs,22,2022-07-31,16:18:11,34970,585471,465,599
_bmppyU3TnA,Easy homemade BUBBLE TEA (must-try BOBA)!üßã,Pick Up Limes,People & Blogs,22,2022-07-10,14:50:11,51123,1569191,738,581
XulBKrrRC3k,Why you're bloated (+ how to fix it)ü§∞üèª,Pick Up Limes,People & Blogs,22,2022-06-26,15:39:49,80906,1644361,986,622
cD72O6IJUBE,"Easy NO-BAKE dessert cups ¬ª eggless, dairy-free, vegan ü§©",Pick Up Limes,People & Blogs,22,2022-06-09,14:40:43,22773,479423,422,594
pvDcccfyzwk,FINDING YOUR WAY (+ printable guide) ‚ú®,Pick Up Limes,People & Blogs,22,2022-05-26,15:58:42,29137,527850,835,506
EIDi42qEVJI,What I Eat in a Day ¬ª easy at-home meals üë©üèª‚Äçüåæ,Pick Up Limes,People & Blogs,22,2022-05-12,15:03:13,29800,867494,1373,907
XguZA4d9Tfw,15-minute vegan meals ¬ª student-friendly! ‚úåÔ∏è,Pick Up Limes,People & Blogs,22,2022-04-14,15:16:59,32557,721040,607,502
svjxTwTQ9OA,5 daily habits for a healthier + happier mind ‚ú®,Pick Up Limes,People & Blogs,22,2022-04-03,17:02:33,52570,1359765,817,556
aje9UGNi_l0,Why you‚Äôre always tired (+ food fixes!) üçú,Pick Up Limes,People & Blogs,22,2022-03-18,16:11:42,99041,2276267,1331,549
6y6YeD2m9RY,High protein vegan breakfasts ¬ª FREE printable guide üí™,Pick Up Limes,People & Blogs,22,2022-03-03,18:20:14,39260,984402,809,644
FZq-w1t9lyw,"The BEST chocolate cake ¬ª eggless, dairy-free, vegan ü•≥",Pick Up Limes,People & Blogs,22,2022-02-17,16:53:08,41874,898289,1232,580
vEeUxE4txs8,Foods that fight inflammation (eat these!) üçí,Pick Up Limes,People & Blogs,22,2022-02-06,17:33:22,113613,3328035,1996,573
zrn6IP0GyOs,20 minute VEGAN meals anyone can make ¬ª we tested it! ‚è±,Pick Up Limes,People & Blogs,22,2022-01-23,17:14:57,29043,720399,1207,1005
PFwc8BfSvCw,Must-try vegan lunch ideas ¬ª for work or school üç±,Pick Up Limes,People & Blogs,22,2022-01-06,15:52:33,36540,695675,631,482
N20c-FP-npY,The BEST oatmeal recipes ¬ª vegan + wholesome,Pick Up Limes,People & Blogs,22,2021-12-23,16:18:26,29375,693633,435,633
tEIlJidvqEI,Cozy lattes in 2 minutes ¬ª DIY drink mixes ‚òïÔ∏è,Pick Up Limes,People & Blogs,22,2021-12-09,16:38:40,29089,518686,657,624
u4zbbQiPpaY,We're engaged! ü•∞,Pick Up Limes,People & Blogs,22,2021-11-26,19:18:10,64824,871709,6247,1014
WMblgMbNLhM,5 SIMPLE meals we eat ALL the time,Pick Up Limes,People & Blogs,22,2021-11-10,17:38:31,55115,1439350,1111,862
hcOycPWR7is,Cooking SKILLS I wish I learned sooner ¬ª with recipes! üë©üèª‚Äçüç≥,Pick Up Limes,People & Blogs,22,2021-09-26,15:30:14,31286,730191,675,719
ZVneOn6b_Ks,How to stay focused ¬ª 7 productivity tips,Pick Up Limes,People & Blogs,22,2021-09-14,15:25:26,20842,406066,424,579
8kLAGblVlMM,An AFGHAN feast ¬ª what I ate growing up üá¶üá´,Pick Up Limes,People & Blogs,22,2021-08-31,16:08:46,125376,2307826,6079,1121
RYuMxWP-Wf0,How to deal with overthinking & worrying üòå,Pick Up Limes,People & Blogs,22,2021-08-17,16:56:49,37750,676967,1772,437
Ral6E1SHNbE,VEGAN BUDGET CHALLENGE ¬ª ‚Ç¨1/$1 meals for 5 days (+ grocery list),Pick Up Limes,People & Blogs,22,2021-08-05,15:52:21,84086,2291214,1901,971
S1OJ3U2T4PY,VEGAN SNACKS ¬ª easy + healthy (meal prep),Pick Up Limes,People & Blogs,22,2021-07-22,16:01:22,37437,843241,746,565
0e3M5Jyh6Z8,The best vegan ICED COFFEE recipes ‚òÄÔ∏è,Pick Up Limes,People & Blogs,22,2021-07-08,15:20:33,44351,722333,1232,593
FxtEz3ztn4A,I had to learn a language in 7 days (ft. @nathanieldrew) üá≥üá±,Pick Up Limes,People & Blogs,22,2021-06-27,17:00:44,40411,638066,2571,1006
9SKlOqs4a48,BREAKFAST MEAL PREP ¬ª oh so good üòå,Pick Up Limes,People & Blogs,22,2021-06-10,16:46:27,39100,866321,786,683
PMjreZH1bzU,An easy guide to EPIC salads ¬ª + 3 recipes,Pick Up Limes,People & Blogs,22,2021-05-27,14:58:34,42236,1114767,808,751
J1LW1Nz0pd4,PLANT CARE ¬ª 7 mistakes to avoid ü™¥,Pick Up Limes,People & Blogs,22,2021-05-14,15:06:54,26607,604361,676,686
BXYfOAe3On0,5 BREAKFAST SMOOTHIE BOWLS ¬ª easy + nutritious,Pick Up Limes,People & Blogs,22,2021-04-30,17:35:52,24694,564456,686,604
TskyrDTyWiI,2-minute MUG CAKES ¬ª vegan + easy üßÅ,Pick Up Limes,People & Blogs,22,2021-04-16,15:24:45,51358,940549,1475,528
WYgsX-FonfY,A habit worth breaking ¬ª + printable guide,Pick Up Limes,People & Blogs,22,2021-04-06,15:25:07,34547,573132,1749,352
hxlO_Facuo4,5 OVERNIGHT OATS  ¬ª easy + healthy + dessert-inspired üçí,Pick Up Limes,People & Blogs,22,2021-03-14,17:38:01,40369,884393,919,652
CiCPO1cnA-U,SNACK MEAL PREP ¬ª easy + vegan + delicious,Pick Up Limes,People & Blogs,22,2021-02-28,16:19:50,30713,537545,740,505
CPbKkb1hn7I,Take AMAZING food photos ¬ª 5 tips üì∏,Pick Up Limes,People & Blogs,22,2021-02-18,17:31:02,32946,451148,1057,656
_ME1dEXcT_I,BUDGET meals under ‚Ç¨2 / $2 ¬ª vegan curries,Pick Up Limes,People & Blogs,22,2021-02-07,18:21:28,22078,619986,883,826
KvJOZE15e3s,7-INGREDIENT creamy vegan pastas üçù,Pick Up Limes,People & Blogs,22,2021-01-21,18:09:51,37946,758570,965,687
oIvCALCtQls,Budget meals under ‚Ç¨2 / $2 ¬ª vegan + delicious,Pick Up Limes,People & Blogs,22,2021-01-07,16:13:12,45431,1133772,1456,858
WcB1rZ_lL1U,Healthy eating hacks ¬ª + printable guide üçé,Pick Up Limes,People & Blogs,22,2020-12-13,17:27:21,37757,786179,1283,652
G3h5edhUml0,Easy DIY gifts ¬ª that you can eat! üéÅ,Pick Up Limes,People & Blogs,22,2020-12-03,17:41:31,35631,687835,869,671
8KEtFdVpFZQ,Speedy 20-minute meals ¬ª vegan + wholesome,Pick Up Limes,People & Blogs,22,2020-11-22,18:59:31,41757,911340,862,502
7Pv2VwjuRz8,Caf√©-style coffee & cookies ¬ª vegan + delicious,Pick Up Limes,People & Blogs,22,2020-11-12,17:43:19,42911,941316,1340,790
jFHHE2YcJ3k,Cook breakfast with us ¬ª we're back!,Pick Up Limes,People & Blogs,22,2020-11-01,17:22:37,38476,1091797,2775,1121
Jjub18AHC9M,Epic tofu recipes ¬ª + awesome dipping sauces üî•,Pick Up Limes,People & Blogs,22,2020-08-28,16:45:22,40410,1081915,1397,877
DNuSSCtVW78,Meals in a jar ¬ª vegan meal prep,Pick Up Limes,People & Blogs,22,2020-08-16,17:22:12,43153,916682,1235,802
8kU7d-kk8-g,Refreshing summer drinks to cool you down üí¶,Pick Up Limes,People & Blogs,22,2020-08-06,18:38:48,76430,1470246,1290,786
ziUq2NJI-Ps,Living lightly ¬ª in a distracted world,Pick Up Limes,People & Blogs,22,2020-07-24,18:27:22,35232,722580,1429,613
PhYRRpHienM,One-bowl vegan breakfasts ¬ª easy + delicious,Pick Up Limes,People & Blogs,22,2020-07-09,17:51:25,46242,1069334,1808,607
VH3VFi9C4Z0,Budget-friendly recipes ¬ª under ‚Ç¨2 / $2 meals,Pick Up Limes,People & Blogs,22,2020-06-26,15:57:29,67330,1740684,2200,852
gKPwACJEnAA,Wholesome nourish bowls ¬ª 3 ways,Pick Up Limes,People & Blogs,22,2020-06-12,18:00:05,44093,1269963,1164,832
pc3M3cH6iJo,Building good habits effectively ¬ª + printable guide,Pick Up Limes,People & Blogs,22,2020-05-21,18:38:25,35232,634389,1078,609
wsUl2ofKuAQ,What I eat in a day ¬ª meal prep edition,Pick Up Limes,People & Blogs,22,2020-05-10,18:52:48,74893,1980063,3315,1228
Jh5oX0VRnzk,Plant propagation for beginners ¬ª 5 indoor plants,Pick Up Limes,People & Blogs,22,2020-04-10,18:02:26,193042,6376785,4166,1056
rWfwPTv5jy0,Delicious curries ¬ª 3 recipes + homemade naan,Pick Up Limes,People & Blogs,22,2020-03-30,17:44:36,64983,1685958,1962,708
0Kgi-H2W7Hk,Crispy french fries ¬ª 4 recipes + dips + oven-baked üçü,Pick Up Limes,People & Blogs,22,2020-03-18,17:39:12,37607,725705,938,704
MC4OAeC6qe8,What we ate in a day in Amsterdam ¬ª ft. avantgardevegan,Pick Up Limes,People & Blogs,22,2020-03-02,19:01:00,22401,689220,1249,835
Bcnet2jD_II,Making peace with food ¬ª + printable guide,Pick Up Limes,People & Blogs,22,2020-02-25,17:50:05,43157,719319,1805,742
OjBsyL5odg0,Wholesome & tasty vegan snacks,Pick Up Limes,People & Blogs,22,2020-02-14,18:44:12,49306,1212876,917,575
NOgPQvUWfHk,Meal prep on a budget ¬ª under ‚Ç¨2 / $2 meals,Pick Up Limes,People & Blogs,22,2020-01-23,19:19:30,179555,3618433,3941,703
IDLEQuejwU8,Vegan breakfasts for the weekend ü•û,Pick Up Limes,People & Blogs,22,2020-01-09,18:47:00,36491,919062,944,594
ZK5VUuxGYr0,Minimal bullet journal setup ¬ª for productivity + mindfulness,Pick Up Limes,People & Blogs,22,2019-12-29,16:04:33,192252,5266578,3184,856
BaFK17OyXSk,Epic desserts to impress üç™,Pick Up Limes,People & Blogs,22,2019-12-22,19:20:36,42045,1001485,809,543
__VRtNQ0c1M,Cozy vegan soups ¬ª a hug in a bowl  ü•£,Pick Up Limes,People & Blogs,22,2019-12-19,16:56:50,34244,871783,849,643
YmwCJsieHPs,A day in the life of Pick Up Limes üë©üèª‚Äçüåæ,Pick Up Limes,People & Blogs,22,2019-12-13,18:25:23,41787,1021891,2511,1015
6ZsuGfxIUx8,Creamy ONE-POT pastas üçù,Pick Up Limes,People & Blogs,22,2019-11-21,18:13:27,86187,1831331,1668,534
u_URtsY1FGg,Cozy drinks to warm you up ‚òï,Pick Up Limes,People & Blogs,22,2019-11-05,15:42:53,129494,1771566,2875,484
Vo1m2cK15_c,Classic vegan COMFORT food,Pick Up Limes,People & Blogs,22,2019-10-24,16:31:41,48915,1004454,1202,640
3uiaaiugNdE,"OVERNIGHT OATS ¬ª 5 ways, healthy & easy",Pick Up Limes,People & Blogs,22,2019-10-03,15:13:56,163438,3951994,2112,430
qziBpNkox3w,Overcoming feelings of failure,Pick Up Limes,People & Blogs,22,2019-09-25,22:09:38,26589,581830,1243,441
uVyQD--miGs,ONE-POT vegan meals ¬ª ft. @avantgardevegan,Pick Up Limes,People & Blogs,22,2019-09-15,17:00:20,37651,1087938,1600,869
W4CpxgJb644,Building self-confidence,Pick Up Limes,People & Blogs,22,2019-09-10,20:01:08,62253,1349240,2124,452
7xw7HGS7PIw,5 wholesome breakfast smoothies,Pick Up Limes,People & Blogs,22,2019-08-23,17:13:14,90188,2484825,1522,600
_sVmBv8Pj4Q,KITCHEN ESSENTIALS ¬ª for food prep & efficiency,Pick Up Limes,People & Blogs,22,2019-08-13,14:30:59,40920,987730,1405,660
YAwanemlagU,DELICIOUS 20-minute meals ¬ª vegan + healthy,Pick Up Limes,People & Blogs,22,2019-07-25,14:22:55,64901,1764410,1223,547
WUhsyK9Azj0,WHAT WE ATE IN A DAY ¬ª exploring the Netherlands,Pick Up Limes,People & Blogs,22,2019-07-16,15:10:43,43036,1368923,2457,975
0jyxdYucQCg,NO-COOK VEGAN MEALS ¬ª for the summer heat,Pick Up Limes,People & Blogs,22,2019-06-28,20:07:38,77812,1483379,1849,430
ewNoaIqr7ms,Simple vegan SNACKS ¬ª for after school or work,Pick Up Limes,People & Blogs,22,2019-06-14,15:44:20,53792,860837,986,463
76SiK1mu3uc,STAYING MOTIVATED TO EAT HEALTHY ¬ª + printable guide,Pick Up Limes,People & Blogs,22,2019-06-03,19:53:10,41856,743649,943,513
j5TFJThFA2c,MEAL PREP FOR BREAKFAST ¬ª 3 easy recipes,Pick Up Limes,People & Blogs,22,2019-05-15,20:09:25,200328,4069976,2723,473
Y-txjbuLX9k,5-ingredient DESSERTS to impress ¬ª vegan + easy,Pick Up Limes,People & Blogs,22,2019-05-03,15:59:59,65729,993600,986,415
x3nIBdywwnY,mindsets for GROWTH and POSITIVE thinking,Pick Up Limes,People & Blogs,22,2019-04-29,20:19:00,48677,884849,1963,516
5Db7SdFvu_E,Easy 7-ingredient meals ¬ª vegan + quick,Pick Up Limes,People & Blogs,22,2019-04-12,16:07:50,53636,1172423,1016,535
6t_qxX7opvA,MUST-TRY 15-minute dinner meals ¬ª easy + healthy,Pick Up Limes,People & Blogs,22,2019-03-29,16:01:21,73302,2021740,1390,540
hGOX2jxht2A,"WHAT I EAT IN A DAY ¬ª on holiday (healthy, plant-based)",Pick Up Limes,People & Blogs,22,2019-03-27,22:34:44,29153,828614,1291,864
KQkuE_gwVGQ,I really need to be more careful üòÖ ¬ª  travel vlog,Pick Up Limes,People & Blogs,22,2019-03-22,22:35:50,18869,382121,1484,734
nbAwOS1FZIw,letting go of our EGO,Pick Up Limes,People & Blogs,22,2019-02-26,22:14:52,40933,856167,1782,532
yrR_7hlEGyw,"HOW TO MAKE HUMMUS ¬ª 5 ways, healthy & easy",Pick Up Limes,People & Blogs,22,2019-02-17,20:25:37,98496,1898156,1785,547
RYAsJy6j8d8,"SUGAR‚Ä¶ is it all that ""bad""?",Pick Up Limes,People & Blogs,22,2019-02-10,14:02:26,43234,674266,1420,622
y2PL4gNffBI,7 DAYS OF SLOW LIVING ¬ª + printable guide,Pick Up Limes,People & Blogs,22,2019-01-28,20:16:59,33458,672733,1161,504
LZhnCxG5c6s,HOUSEPLANT CARE TIPS FOR BEGINNERS ¬ª + printable guide,Pick Up Limes,People & Blogs,22,2019-01-11,15:43:31,133563,2647654,2186,506
K9rJ2A1S_I0,SOUPS to warm the SOUL ü•£,Pick Up Limes,People & Blogs,22,2018-12-23,19:45:57,54828,1234044,1323,516
7UDx1RF9Oho,HEALTHY EATING HACKS ¬ª + printable guide,Pick Up Limes,People & Blogs,22,2018-12-19,14:44:11,341063,8718699,6070,697
JtoylbJcH9g,If you do this‚Ä¶ then you'll be happy,Pick Up Limes,People & Blogs,22,2018-11-28,00:24:38,47048,1000551,2023,379
eI91-UZpJr8,5 meals I eat each week ¬ª vegan & healthy,Pick Up Limes,People & Blogs,22,2018-11-20,18:13:01,172598,5305843,3773,569
HYvA-vMf708,OILS & FATS ¬ª friend or foe?,Pick Up Limes,People & Blogs,22,2018-11-06,21:56:05,24420,535703,835,475
8u9ABp1f3IE,Improving our COMMUNICATION skills,Pick Up Limes,People & Blogs,22,2018-10-24,15:38:22,44279,936797,1061,425
mI7WMgsR3WQ,MAKE-AHEAD VEGAN BREAKFAST IDEAS ¬ª quick & easy to-go,Pick Up Limes,People & Blogs,22,2018-10-09,16:45:19,65054,1731147,1384,478
8a170TTaPt0,a healthy IMBALANCE,Pick Up Limes,People & Blogs,22,2018-09-25,19:35:51,20393,393809,1105,268
2y9St1EarLA,MINDSET FOR HEALTHY EATING,Pick Up Limes,People & Blogs,22,2018-09-04,19:05:24,46397,979247,1563,320
MMq9Sxp9GFo,WHAT I WISH I KNEW BEFORE STARTING MINIMALISM,Pick Up Limes,People & Blogs,22,2018-08-29,22:32:10,112715,3664734,2478,441
9liz4MHs0i4,NEW STUDIO TOUR + 1 MILLION?!,Pick Up Limes,People & Blogs,22,2018-08-16,22:13:47,34080,607566,2597,750
oLSl_quyKDM,Pick Up Limes Live Stream,Pick Up Limes,People & Blogs,22,2018-08-16,21:56:39,0,0,0,0
Q66OMce-vl8,TIME MANAGEMENT TIPS,Pick Up Limes,People & Blogs,22,2018-07-27,19:52:59,64514,1728301,1441,457
c-klSziwUng,CHOCOLATE vegan dessert recipes!,Pick Up Limes,People & Blogs,22,2018-07-10,13:25:24,35132,843324,1116,473
pZiuqB0daBc,There's no place like HOME ‚ù§,Pick Up Limes,People & Blogs,22,2018-06-29,19:02:08,17147,429936,1315,544
2o-aBMdasQQ,A POWERFUL MINDSET FOR SUCCESS,Pick Up Limes,People & Blogs,22,2018-06-12,21:45:47,43867,678090,1555,342
I_lWPKdFEP4,I CAN FINALLY SHARE THIS WITH YOU!!,Pick Up Limes,People & Blogs,22,2018-05-30,19:00:01,39759,1915257,1989,471
YCaoZvShiJc,"EASY VEGAN SNACK IDEAS ¬ª for students (or anyone, really)",Pick Up Limes,People & Blogs,22,2018-05-24,19:03:00,52527,1308894,810,488
e9XrgdvFA0c,MASTERING MEALS AT HOME,Pick Up Limes,People & Blogs,22,2018-05-17,18:23:35,17155,530250,424,318
A3pJ6gaenW0,YOU CAN'T ALWAYS FEEL IT IN YOUR BONES,Pick Up Limes,People & Blogs,22,2018-05-08,18:23:53,12158,276675,443,288
SCphxWFaWIQ,MASTERING YOUR HABITS,Pick Up Limes,People & Blogs,22,2018-04-28,18:10:52,45531,933518,1152,359
FBFy7PpH5Do,"OUR ONE & ONLY, PLANET EARTH",Pick Up Limes,People & Blogs,22,2018-04-17,18:07:11,11054,162738,637,321
VQa6ivDsL-M,WHAT I EAT IN A DAY ¬ª while travelling,Pick Up Limes,People & Blogs,22,2018-04-14,12:58:17,55674,1195894,1820,402
FEkwz0XuHkY,HABITS OF EFFECTIVE PEOPLE,Pick Up Limes,People & Blogs,22,2018-03-30,22:09:43,130278,3763174,1994,389
V5Fsvuzgkj0,FINDING BALANCE,Pick Up Limes,People & Blogs,22,2018-03-20,20:48:36,24503,386182,844,376
M8GhWgy5g_8,VEGAN NUTRITION BASICS ¬ª the plate method,Pick Up Limes,People & Blogs,22,2018-03-13,22:33:23,63599,1432691,1558,593
nIYrRNklra8,HIGH PROTEIN VEGAN MEAL IDEAS ¬ª bento box,Pick Up Limes,People & Blogs,22,2018-03-08,15:42:03,40066,1081600,1118,446
W8mkksk1Ouc,HIGH PROTEIN VEGAN MEAL PREP ¬ª + printable guide,Pick Up Limes,People & Blogs,22,2018-03-06,13:51:25,38166,1020249,965,452
lLMXM3_0opE,IS COFFEE UNHEALTHY... or healthy?,Pick Up Limes,People & Blogs,22,2018-02-27,23:15:37,27913,474013,2132,219
-9R4EBW1QeU,THIS... is the new perfect,Pick Up Limes,People & Blogs,22,2018-02-20,21:54:57,28285,451729,1503,248
IUtv4IxVItU,LANGUAGES OF LOVE ¬ª powerfully strengthen relationships,Pick Up Limes,People & Blogs,22,2018-02-13,14:07:33,33439,613060,838,379
cXgLFgH37OM,HEALTHY HABITS CHECKLIST ¬ª + printable guide,Pick Up Limes,People & Blogs,22,2018-02-06,15:19:21,41173,917290,1002,493
tosdybi0iL8,THE MOST BEAUTIFUL PLACE IN BALI,Pick Up Limes,People & Blogs,22,2018-01-29,22:16:12,14517,291604,778,563
IG_UdqQMH4w,A VEGAN'S TROPICAL PARADISE,Pick Up Limes,People & Blogs,22,2018-01-25,22:23:01,15431,272167,735,419
ZZLCnCfzirc,ACHIEVING YOUR GOALS ¬ª simple & effective approach,Pick Up Limes,People & Blogs,22,2017-12-29,16:57:12,17201,494821,564,413
zFotlhvCzWc,BEGINNER'S GUIDE TO MEDITATION ¬ª for a positive & productive day (part 3),Pick Up Limes,People & Blogs,22,2017-12-16,01:07:00,20482,582248,586,314
KytbeQzI7P0,AN UNEXPECTED DATE WITH LIFE,Pick Up Limes,People & Blogs,22,2017-12-05,13:57:32,50584,929899,2864,499
ojFLLEdXIXk,FOOD PREP HACKS ¬ª for beginner cooks,Pick Up Limes,People & Blogs,22,2017-11-19,18:59:53,30613,570941,1134,439
4dzsrT_pzC0,DECREASING STRESS ¬ª finding calm + patience,Pick Up Limes,People & Blogs,22,2017-11-14,19:23:36,35550,854035,1132,380
24IDJfPCHZM,30 DAYS TO MINIMALISM ¬ª + printable guide,Pick Up Limes,People & Blogs,22,2017-11-05,16:18:52,86328,2232681,1565,574
649tA4lkXuI,EASY VEGAN DINNER RECIPES ¬ª nourish bowls,Pick Up Limes,People & Blogs,22,2017-10-27,15:25:38,55914,1798407,1030,444
yG_4BR08y8o,BECOMING A MORNING PERSON ¬ª + printable guide,Pick Up Limes,People & Blogs,22,2017-10-17,13:36:31,93221,2460593,2480,458
sFVAVMHOYLA,QUICK VEGAN DIPS ¬ª healthy + easy,Pick Up Limes,People & Blogs,22,2017-10-09,21:08:14,28423,637493,736,437
RPosXpVuqVo,NUTRITION TIPS I'D GIVE MY YOUNGER SELF ¬ª + downloadable checklist,Pick Up Limes,People & Blogs,22,2017-10-02,21:17:09,46466,1133243,1305,470
cpUnjQV-Chw,VEGAN COOKIE RECIPES ¬ª healthy + indulgent,Pick Up Limes,People & Blogs,22,2017-09-16,18:46:04,51336,1296525,1106,415
JoL5ukBTwcY,HEALTHY PRODUCTIVITY HABITS ¬ª + printable guide,Pick Up Limes,People & Blogs,22,2017-09-06,20:14:17,64699,1506154,1318,511
0eKD-mDa3CA,BEGINNER'S GUIDE TO MEDITATION ¬ª for a positive & productive day (part 2),Pick Up Limes,People & Blogs,22,2017-09-03,23:35:19,23531,862469,503,335
oj0yH6M4x_w,MAKE-AHEAD VEGAN LUNCH IDEAS ¬ª bento box,Pick Up Limes,People & Blogs,22,2017-08-28,22:02:44,61959,1620785,929,533
KQOAVZew5l8,BEGINNER'S GUIDE TO MEDITATION ¬ª for a positive & productive day (part 1),Pick Up Limes,People & Blogs,22,2017-08-13,18:09:33,71322,3058494,1715,419
xNzZqVUl28E,HOW I CUT & LAYER MY HAIR AT HOME ¬ª diy long layers haircut,Pick Up Limes,People & Blogs,22,2017-08-07,20:33:10,147375,7380844,4000,734
46jVgjvSTRo,HABITS FOR A CLEAN HOME ¬ª & getting rid of things,Pick Up Limes,People & Blogs,22,2017-07-23,07:00:01,48836,1747423,850,309
vQOvw-vjV4k,VEGAN NUTELLA & CHIA SEED JAM ¬ª easy homemade recipes,Pick Up Limes,People & Blogs,22,2017-07-11,02:03:32,40908,815793,960,371
x9P4R7CRX5M,Q&A ¬ª getting personal,Pick Up Limes,People & Blogs,22,2017-07-02,16:44:16,23239,882061,831,448
CnV1KDMSOxQ,Q&A ¬ª my health journey,Pick Up Limes,People & Blogs,22,2017-07-02,16:42:16,16201,605622,458,467
vgSzFmpqNdw,THINGS TO GET RID OF ¬ª for a minimalist & happy life,Pick Up Limes,People & Blogs,22,2017-06-08,19:29:07,44034,1374108,1470,391
HhLIDmKqbl0,VEGAN PHO ¬ª easy vietnamese noodle soup,Pick Up Limes,People & Blogs,22,2017-06-01,19:37:50,20453,570156,512,278
OJxMsypwnqg,BEGINNER'S GUIDE TO VEGANISM ¬ª how to go vegan,Pick Up Limes,People & Blogs,22,2017-05-25,22:02:24,203983,4895581,7863,722
ZW9f3rYKoIY,PANTRY ESSENTIALS ¬ª + printable grocery shopping list,Pick Up Limes,People & Blogs,22,2017-05-05,00:33:29,65460,1613929,1303,513
pBTRu80BXls,EASY VEGAN SNACKS ¬ª for after school & work (rice cakes part 2),Pick Up Limes,People & Blogs,22,2017-04-30,20:13:12,14821,461278,367,430
UjZwTDWxhbg,BEGINNER'S GUIDE TO MINIMALISM ¬ª inspiration to get started,Pick Up Limes,People & Blogs,22,2017-04-27,23:25:04,35355,996539,1055,486
95qsSITM3_Y,EASY VEGAN SNACKS ¬ª for after school & work (rice cakes part 1),Pick Up Limes,People & Blogs,22,2017-04-23,19:05:31,19498,649261,431,364
cx_veZygQkU,HEALTHY MORNING HABITS ¬ª + printable checklist,Pick Up Limes,People & Blogs,22,2017-04-18,23:46:45,156780,4699351,3333,534
kYuYwMAqeqw,5 FOODS I EAT EVERYDAY ¬ª and so could you,Pick Up Limes,People & Blogs,22,2017-04-12,21:48:58,90426,3019603,1781,336
GTmvOiW3YVU,MINIMALIST CLEANING HABITS ¬ª for a tidy home,Pick Up Limes,People & Blogs,22,2017-04-10,20:35:25,35485,1451294,874,275
8Cq19bdJ2nI,LUNCH IDEAS FOR KIDS ¬ª vegan + healthy (bento box),Pick Up Limes,People & Blogs,22,2017-04-07,09:34:02,52518,2334658,1023,550
CaItdegkoNE,VEGAN SCHOOL LUNCH IDEAS ¬ª healthy + easy (bento box),Pick Up Limes,People & Blogs,22,2017-03-29,18:00:07,188924,4766686,2458,524
VYziZLlAMSI,BENEFITS OF MINIMALISM ¬ª + common minimalism mistake,Pick Up Limes,People & Blogs,22,2017-03-26,20:18:11,40145,1196202,937,352
DtZ1EjV0EEw,QUICK VEGAN BREAKFAST IDEAS ¬ª bento box style,Pick Up Limes,People & Blogs,22,2017-03-23,21:31:46,276922,8126273,3490,384
wWoADZNVBu4,WEIGHT LOSS MISTAKES ¬ª + how to succeed,Pick Up Limes,People & Blogs,22,2017-03-06,18:41:38,93073,3602618,2441,508
8poA6VWb140,DECLUTTER YOUR LIFE ¬ª 10 questions to ask yourself,Pick Up Limes,People & Blogs,22,2017-03-02,15:20:24,17295,627324,259,287
EWwi6MoEARc,LATE NIGHT CRAVINGS ¬ª 5 ways to deal,Pick Up Limes,People & Blogs,22,2017-02-27,16:54:28,28416,1047473,632,419
aI2-EFnZNXY,MONEY SAVING HACKS ¬ª minimalism + food + shopping,Pick Up Limes,People & Blogs,22,2017-02-23,17:20:41,60911,1798562,1460,362
zu5yeOxjPXs,MEAL PREP ¬ª & minimize time in the kitchen,Pick Up Limes,People & Blogs,22,2017-02-19,17:16:04,96057,2321178,1329,356
cnXJtEhUlDU,TOP TRAVEL TIPS ¬ª 20 to know for during your travels,Pick Up Limes,People & Blogs,22,2017-02-15,07:07:08,3778,146682,95,353
LD7IKfNdMrY,ONE-BOWL CHOCOLATE BANANA BREAD ¬ª easy + vegan,Pick Up Limes,People & Blogs,22,2017-02-03,21:17:34,14844,481632,320,153
9o0wiVEPJco,BREAKFAST BERRY PARFAIT ¬ª healthy + vegan,Pick Up Limes,People & Blogs,22,2017-01-24,07:37:38,4816,198864,69,92
EnAlwMfB2S0,HOW TO STOP BINGE EATING ¬ª once and for all,Pick Up Limes,People & Blogs,22,2017-01-22,21:53:40,71939,1757633,2279,567
YF6gNnYtE9A,HOMEMADE GRANOLA ¬ª quick + easy,Pick Up Limes,People & Blogs,22,2017-01-19,19:57:12,17713,681784,325,81
KROKdQupMeY,HOW TO MAKE A SMOOTHIE HEALTHIER ¬ª 5 ways,Pick Up Limes,People & Blogs,22,2017-01-17,19:34:44,25905,582704,395,271
7uK7KBO_SUI,CHOCOLATE & HAZELNUT MILKSHAKE SMOOTHIE ¬ª healthy + vegan,Pick Up Limes,People & Blogs,22,2017-01-14,22:18:34,7201,257202,108,63
Miay0QvOUKU,COLD-BUSTING GREEN SMOOTHIE ¬ª immunity boosting combo,Pick Up Limes,People & Blogs,22,2017-01-11,15:07:50,4556,187698,61,49
IHsVwG9memg,RUBY RED GREEN SMOOTHIE ¬ª pre- or post-workout drink,Pick Up Limes,People & Blogs,22,2017-01-09,14:05:21,5824,256105,133,45
